"NAME","CREATE_FILE","CREATE_LINE","OS_WAITS"
"dict0dict.cc:833","dict0dict.cc","833","45"
"log0log.cc:579","log0log.cc","579","9"
"btr0sea.cc:239","btr0sea.cc","239","537"
"btr0sea.cc:239","btr0sea.cc","239","372"
"btr0sea.cc:239","btr0sea.cc","239","15601"
"hash0hash.cc:188","hash0hash.cc","188","3"
"hash0hash.cc:188","hash0hash.cc","188","3"
"hash0hash.cc:188","hash0hash.cc","188","2"
"hash0hash.cc:188","hash0hash.cc","188","1"
"hash0hash.cc:188","hash0hash.cc","188","1"
"buf_block_t::lock","combined buf0buf.cc","1390","2472"
